d_m,d_nm,lambda_product_hz,lambda_bell_hz,bell_over_product,protection_fraction
1.500000e-07,150.0000,1.265784e+03,5.906991e+02,0.466667,0.533333
1.519652e-07,151.9652,1.265784e+03,6.296304e+02,0.497423,0.502577
1.539562e-07,153.9562,1.265784e+03,6.657687e+02,0.525973,0.474027
1.559733e-07,155.9733,1.265784e+03,6.993695e+02,0.552519,0.447481
1.580167e-07,158.0167,1.265784e+03,7.306588e+02,0.577238,0.422762
1.600870e-07,160.0870,1.265784e+03,7.598376e+02,0.600290,0.399710
1.621844e-07,162.1844,1.265784e+03,7.870849e+02,0.621816,0.378184
1.643092e-07,164.3092,1.265784e+03,8.125609e+02,0.641943,0.358057
1.664619e-07,166.4619,1.265784e+03,8.364091e+02,0.660784,0.339216
1.686428e-07,168.6428,1.265784e+03,8.587587e+02,0.678440,0.321560
1.708523e-07,170.8523,1.265784e+03,8.797262e+02,0.695005,0.304995
1.730907e-07,173.0907,1.265784e+03,8.994167e+02,0.710561,0.289439
1.753585e-07,175.3585,1.265784e+03,9.179257e+02,0.725184,0.274816
1.776559e-07,177.6559,1.265784e+03,9.353396e+02,0.738941,0.261059
1.799835e-07,179.9835,1.265784e+03,9.517373e+02,0.751896,0.248104
1.823415e-07,182.3415,1.265784e+03,9.671905e+02,0.764104,0.235896
1.847305e-07,184.7305,1.265784e+03,9.817650e+02,0.775618,0.224382
1.871507e-07,187.1507,1.265784e+03,9.955206e+02,0.786485,0.213515
1.896027e-07,189.6027,1.265784e+03,1.008513e+03,0.796749,0.203251
1.920868e-07,192.0868,1.265784e+03,1.020791e+03,0.806450,0.193550
1.946034e-07,194.6034,1.265784e+03,1.032403e+03,0.815624,0.184376
1.971530e-07,197.1530,1.265784e+03,1.043392e+03,0.824305,0.175695
1.997360e-07,199.7360,1.265784e+03,1.053795e+03,0.832524,0.167476
2.023528e-07,202.3528,1.265784e+03,1.063651e+03,0.840310,0.159690
2.050040e-07,205.0040,1.265784e+03,1.072993e+03,0.847691,0.152309
2.076898e-07,207.6898,1.265784e+03,1.081852e+03,0.854690,0.145310
2.104109e-07,210.4109,1.265784e+03,1.090257e+03,0.861330,0.138670
2.131676e-07,213.1676,1.265784e+03,1.098236e+03,0.867633,0.132367
2.159604e-07,215.9604,1.265784e+03,1.105812e+03,0.873618,0.126382
2.187898e-07,218.7898,1.265784e+03,1.113010e+03,0.879305,0.120695
2.216563e-07,221.6563,1.265784e+03,1.119851e+03,0.884710,0.115290
2.245603e-07,224.5603,1.265784e+03,1.126355e+03,0.889848,0.110152
2.275024e-07,227.5024,1.265784e+03,1.132542e+03,0.894736,0.105264
2.304830e-07,230.4830,1.265784e+03,1.138428e+03,0.899386,0.100614
2.335027e-07,233.5027,1.265784e+03,1.144031e+03,0.903812,0.096188
2.365619e-07,236.5619,1.265784e+03,1.149366e+03,0.908027,0.091973
2.396612e-07,239.6612,1.265784e+03,1.154447e+03,0.912041,0.087959
2.428011e-07,242.8011,1.265784e+03,1.159287e+03,0.915865,0.084135
2.459822e-07,245.9822,1.265784e+03,1.163901e+03,0.919510,0.080490
2.492049e-07,249.2049,1.265784e+03,1.168299e+03,0.922984,0.077016
2.524699e-07,252.4699,1.265784e+03,1.172492e+03,0.926297,0.073703
2.557776e-07,255.7776,1.265784e+03,1.176492e+03,0.929457,0.070543
2.591287e-07,259.1287,1.265784e+03,1.180308e+03,0.932472,0.067528
2.625237e-07,262.5237,1.265784e+03,1.183949e+03,0.935349,0.064651
2.659631e-07,265.9631,1.265784e+03,1.187425e+03,0.938094,0.061906
2.694476e-07,269.4476,1.265784e+03,1.190743e+03,0.940716,0.059284
2.729778e-07,272.9778,1.265784e+03,1.193912e+03,0.943219,0.056781
2.765542e-07,276.5542,1.265784e+03,1.196939e+03,0.945611,0.054389
2.801775e-07,280.1775,1.265784e+03,1.199830e+03,0.947895,0.052105
2.838483e-07,283.8483,1.265784e+03,1.202593e+03,0.950078,0.049922
2.875671e-07,287.5671,1.265784e+03,1.205233e+03,0.952164,0.047836
2.913347e-07,291.3347,1.265784e+03,1.207757e+03,0.954158,0.045842
2.951516e-07,295.1516,1.265784e+03,1.210171e+03,0.956064,0.043936
2.990185e-07,299.0185,1.265784e+03,1.212478e+03,0.957887,0.042113
3.029361e-07,302.9361,1.265784e+03,1.214685e+03,0.959630,0.040370
3.069050e-07,306.9050,1.265784e+03,1.216796e+03,0.961298,0.038702
3.109259e-07,310.9259,1.265784e+03,1.218815e+03,0.962894,0.037106
3.149995e-07,314.9995,1.265784e+03,1.220747e+03,0.964420,0.035580
3.191265e-07,319.1265,1.265784e+03,1.222597e+03,0.965881,0.034119
3.233075e-07,323.3075,1.265784e+03,1.224366e+03,0.967279,0.032721
3.275433e-07,327.5433,1.265784e+03,1.226060e+03,0.968618,0.031382
3.318346e-07,331.8346,1.265784e+03,1.227682e+03,0.969899,0.030101
3.361822e-07,336.1822,1.265784e+03,1.229235e+03,0.971126,0.028874
3.405867e-07,340.5867,1.265784e+03,1.230722e+03,0.972301,0.027699
3.450489e-07,345.0489,1.265784e+03,1.232147e+03,0.973426,0.026574
3.495695e-07,349.5695,1.265784e+03,1.233511e+03,0.974504,0.025496
3.541494e-07,354.1494,1.265784e+03,1.234818e+03,0.975536,0.024464
3.587893e-07,358.7893,1.265784e+03,1.236070e+03,0.976525,0.023475
3.634900e-07,363.4900,1.265784e+03,1.237270e+03,0.977473,0.022527
3.682522e-07,368.2522,1.265784e+03,1.238419e+03,0.978381,0.021619
3.730769e-07,373.0769,1.265784e+03,1.239521e+03,0.979252,0.020748
3.779648e-07,377.9648,1.265784e+03,1.240577e+03,0.980086,0.019914
3.829167e-07,382.9167,1.265784e+03,1.241589e+03,0.980885,0.019115
3.879334e-07,387.9334,1.265784e+03,1.242559e+03,0.981652,0.018348
3.930160e-07,393.0160,1.265784e+03,1.243489e+03,0.982387,0.017613
3.981651e-07,398.1651,1.265784e+03,1.244381e+03,0.983091,0.016909
4.033816e-07,403.3816,1.265784e+03,1.245236e+03,0.983767,0.016233
4.086665e-07,408.6665,1.265784e+03,1.246057e+03,0.984415,0.015585
4.140207e-07,414.0207,1.265784e+03,1.246843e+03,0.985036,0.014964
4.194450e-07,419.4450,1.265784e+03,1.247597e+03,0.985632,0.014368
4.249403e-07,424.9403,1.265784e+03,1.248321e+03,0.986204,0.013796
4.305077e-07,430.5077,1.265784e+03,1.249015e+03,0.986752,0.013248
4.361480e-07,436.1480,1.265784e+03,1.249681e+03,0.987278,0.012722
4.418622e-07,441.8622,1.265784e+03,1.250319e+03,0.987783,0.012217
4.476512e-07,447.6512,1.265784e+03,1.250932e+03,0.988267,0.011733
4.535161e-07,453.5161,1.265784e+03,1.251520e+03,0.988731,0.011269
4.594579e-07,459.4579,1.265784e+03,1.252085e+03,0.989177,0.010823
4.654774e-07,465.4774,1.265784e+03,1.252626e+03,0.989605,0.010395
4.715759e-07,471.5759,1.265784e+03,1.253146e+03,0.990015,0.009985
4.777543e-07,477.7543,1.265784e+03,1.253644e+03,0.990409,0.009591
4.840136e-07,484.0136,1.265784e+03,1.254123e+03,0.990788,0.009212
4.903549e-07,490.3549,1.265784e+03,1.254582e+03,0.991151,0.008849
4.967792e-07,496.7792,1.265784e+03,1.255023e+03,0.991499,0.008501
5.032878e-07,503.2878,1.265784e+03,1.255447e+03,0.991833,0.008167
5.098816e-07,509.8816,1.265784e+03,1.255853e+03,0.992154,0.007846
5.165618e-07,516.5618,1.265784e+03,1.256243e+03,0.992463,0.007537
5.233296e-07,523.3296,1.265784e+03,1.256618e+03,0.992759,0.007241
5.301860e-07,530.1860,1.265784e+03,1.256977e+03,0.993043,0.006957
5.371322e-07,537.1322,1.265784e+03,1.257323e+03,0.993315,0.006685
5.441694e-07,544.1694,1.265784e+03,1.257654e+03,0.993577,0.006423
5.512989e-07,551.2989,1.265784e+03,1.257972e+03,0.993829,0.006171
5.585217e-07,558.5217,1.265784e+03,1.258278e+03,0.994070,0.005930
5.658392e-07,565.8392,1.265784e+03,1.258572e+03,0.994302,0.005698
5.732525e-07,573.2525,1.265784e+03,1.258854e+03,0.994525,0.005475
5.807630e-07,580.7630,1.265784e+03,1.259124e+03,0.994739,0.005261
5.883719e-07,588.3719,1.265784e+03,1.259385e+03,0.994944,0.005056
5.960804e-07,596.0804,1.265784e+03,1.259634e+03,0.995142,0.004858
6.038900e-07,603.8900,1.265784e+03,1.259874e+03,0.995331,0.004669
6.118018e-07,611.8018,1.265784e+03,1.260105e+03,0.995513,0.004487
6.198174e-07,619.8174,1.265784e+03,1.260326e+03,0.995688,0.004312
6.279379e-07,627.9379,1.265784e+03,1.260539e+03,0.995856,0.004144
6.361648e-07,636.1648,1.265784e+03,1.260743e+03,0.996017,0.003983
6.444995e-07,644.4995,1.265784e+03,1.260939e+03,0.996172,0.003828
6.529434e-07,652.9434,1.265784e+03,1.261128e+03,0.996321,0.003679
6.614980e-07,661.4980,1.265784e+03,1.261309e+03,0.996464,0.003536
6.701646e-07,670.1646,1.265784e+03,1.261483e+03,0.996602,0.003398
6.789448e-07,678.9448,1.265784e+03,1.261650e+03,0.996734,0.003266
6.878400e-07,687.8400,1.265784e+03,1.261810e+03,0.996861,0.003139
6.968517e-07,696.8517,1.265784e+03,1.261965e+03,0.996983,0.003017
7.059815e-07,705.9815,1.265784e+03,1.262113e+03,0.997100,0.002900
7.152309e-07,715.2309,1.265784e+03,1.262255e+03,0.997212,0.002788
7.246015e-07,724.6015,1.265784e+03,1.262392e+03,0.997321,0.002679
7.340949e-07,734.0949,1.265784e+03,1.262524e+03,0.997424,0.002576
7.437126e-07,743.7126,1.265784e+03,1.262650e+03,0.997524,0.002476
7.534564e-07,753.4564,1.265784e+03,1.262772e+03,0.997620,0.002380
7.633278e-07,763.3278,1.265784e+03,1.262888e+03,0.997712,0.002288
7.733285e-07,773.3285,1.265784e+03,1.263000e+03,0.997801,0.002199
7.834603e-07,783.4603,1.265784e+03,1.263108e+03,0.997886,0.002114
7.937248e-07,793.7248,1.265784e+03,1.263212e+03,0.997968,0.002032
8.041238e-07,804.1238,1.265784e+03,1.263311e+03,0.998047,0.001953
8.146590e-07,814.6590,1.265784e+03,1.263407e+03,0.998122,0.001878
8.253323e-07,825.3323,1.265784e+03,1.263499e+03,0.998195,0.001805
8.361453e-07,836.1453,1.265784e+03,1.263587e+03,0.998265,0.001735
8.471001e-07,847.1001,1.265784e+03,1.263672e+03,0.998332,0.001668
8.581984e-07,858.1984,1.265784e+03,1.263754e+03,0.998396,0.001604
8.694421e-07,869.4421,1.265784e+03,1.263832e+03,0.998458,0.001542
8.808331e-07,880.8331,1.265784e+03,1.263908e+03,0.998518,0.001482
8.923733e-07,892.3733,1.265784e+03,1.263980e+03,0.998575,0.001425
9.040647e-07,904.0647,1.265784e+03,1.264050e+03,0.998630,0.001370
9.159093e-07,915.9093,1.265784e+03,1.264117e+03,0.998683,0.001317
9.279091e-07,927.9091,1.265784e+03,1.264181e+03,0.998734,0.001266
9.400661e-07,940.0661,1.265784e+03,1.264243e+03,0.998783,0.001217
9.523824e-07,952.3824,1.265784e+03,1.264302e+03,0.998829,0.001171
9.648600e-07,964.8600,1.265784e+03,1.264359e+03,0.998875,0.001125
9.775012e-07,977.5012,1.265784e+03,1.264414e+03,0.998918,0.001082
9.903079e-07,990.3079,1.265784e+03,1.264467e+03,0.998960,0.001040
1.003282e-06,1003.2824,1.265784e+03,1.264518e+03,0.999000,0.001000
1.016427e-06,1016.4269,1.265784e+03,1.264567e+03,0.999038,0.000962
1.029744e-06,1029.7436,1.265784e+03,1.264614e+03,0.999075,0.000925
1.043235e-06,1043.2348,1.265784e+03,1.264659e+03,0.999111,0.000889
1.056903e-06,1056.9028,1.265784e+03,1.264702e+03,0.999145,0.000855
1.070750e-06,1070.7498,1.265784e+03,1.264744e+03,0.999178,0.000822
1.084778e-06,1084.7782,1.265784e+03,1.264784e+03,0.999210,0.000790
1.098990e-06,1098.9904,1.265784e+03,1.264822e+03,0.999240,0.000760
1.113389e-06,1113.3888,1.265784e+03,1.264859e+03,0.999270,0.000730
1.127976e-06,1127.9759,1.265784e+03,1.264895e+03,0.999298,0.000702
1.142754e-06,1142.7541,1.265784e+03,1.264929e+03,0.999325,0.000675
1.157726e-06,1157.7259,1.265784e+03,1.264962e+03,0.999351,0.000649
1.172894e-06,1172.8938,1.265784e+03,1.264994e+03,0.999376,0.000624
1.188260e-06,1188.2605,1.265784e+03,1.265024e+03,0.999400,0.000600
1.203828e-06,1203.8285,1.265784e+03,1.265053e+03,0.999423,0.000577
1.219600e-06,1219.6004,1.265784e+03,1.265081e+03,0.999445,0.000555
1.235579e-06,1235.5790,1.265784e+03,1.265108e+03,0.999466,0.000534
1.251767e-06,1251.7670,1.265784e+03,1.265134e+03,0.999487,0.000513
1.268167e-06,1268.1670,1.265784e+03,1.265159e+03,0.999507,0.000493
1.284782e-06,1284.7819,1.265784e+03,1.265183e+03,0.999526,0.000474
1.301614e-06,1301.6145,1.265784e+03,1.265206e+03,0.999544,0.000456
1.318668e-06,1318.6676,1.265784e+03,1.265229e+03,0.999561,0.000439
1.335944e-06,1335.9441,1.265784e+03,1.265250e+03,0.999578,0.000422
1.353447e-06,1353.4470,1.265784e+03,1.265271e+03,0.999594,0.000406
1.371179e-06,1371.1791,1.265784e+03,1.265290e+03,0.999610,0.000390
1.389144e-06,1389.1437,1.265784e+03,1.265309e+03,0.999625,0.000375
1.407344e-06,1407.3435,1.265784e+03,1.265327e+03,0.999639,0.000361
1.425782e-06,1425.7818,1.265784e+03,1.265345e+03,0.999653,0.000347
1.444462e-06,1444.4617,1.265784e+03,1.265362e+03,0.999667,0.000333
1.463386e-06,1463.3863,1.265784e+03,1.265378e+03,0.999679,0.000321
1.482559e-06,1482.5589,1.265784e+03,1.265394e+03,0.999692,0.000308
1.501983e-06,1501.9826,1.265784e+03,1.265409e+03,0.999704,0.000296
1.521661e-06,1521.6609,1.265784e+03,1.265423e+03,0.999715,0.000285
1.541597e-06,1541.5969,1.265784e+03,1.265437e+03,0.999726,0.000274
1.561794e-06,1561.7941,1.265784e+03,1.265450e+03,0.999736,0.000264
1.582256e-06,1582.2560,1.265784e+03,1.265463e+03,0.999747,0.000253
1.602986e-06,1602.9859,1.265784e+03,1.265475e+03,0.999756,0.000244
1.623987e-06,1623.9874,1.265784e+03,1.265487e+03,0.999766,0.000234
1.645264e-06,1645.2641,1.265784e+03,1.265499e+03,0.999775,0.000225
1.666820e-06,1666.8195,1.265784e+03,1.265510e+03,0.999783,0.000217
1.688657e-06,1688.6574,1.265784e+03,1.265520e+03,0.999792,0.000208
1.710781e-06,1710.7813,1.265784e+03,1.265530e+03,0.999800,0.000200
1.733195e-06,1733.1951,1.265784e+03,1.265540e+03,0.999807,0.000193
1.755903e-06,1755.9026,1.265784e+03,1.265549e+03,0.999815,0.000185
1.778908e-06,1778.9075,1.265784e+03,1.265558e+03,0.999822,0.000178
1.802214e-06,1802.2139,1.265784e+03,1.265567e+03,0.999829,0.000171
1.825826e-06,1825.8256,1.265784e+03,1.265575e+03,0.999835,0.000165
1.849747e-06,1849.7466,1.265784e+03,1.265583e+03,0.999842,0.000158
1.873981e-06,1873.9811,1.265784e+03,1.265591e+03,0.999848,0.000152
1.898533e-06,1898.5330,1.265784e+03,1.265598e+03,0.999853,0.000147
1.923407e-06,1923.4067,1.265784e+03,1.265606e+03,0.999859,0.000141
1.948606e-06,1948.6062,1.265784e+03,1.265612e+03,0.999864,0.000136
1.974136e-06,1974.1359,1.265784e+03,1.265619e+03,0.999870,0.000130
2.000000e-06,2000.0000,1.265784e+03,1.265625e+03,0.999875,0.000125
