l_m,l_nm,lambda_hz,powerlaw_fit_hz,residual_log10,is_peak
1.000000e-09,1.0000,8.438559e-02,4.309054e-01,-0.708114,0
1.013939e-09,1.0139,8.675457e-02,4.379104e-01,-0.703093,0
1.028073e-09,1.0281,8.919005e-02,4.450293e-01,-0.698072,0
1.042404e-09,1.0424,9.169390e-02,4.522639e-01,-0.693051,0
1.056935e-09,1.0569,9.426804e-02,4.596161e-01,-0.688031,0
1.071668e-09,1.0717,9.691445e-02,4.670878e-01,-0.683010,0
1.086606e-09,1.0866,9.963515e-02,4.746810e-01,-0.677989,0
1.101753e-09,1.1018,1.024322e-01,4.823977e-01,-0.672969,0
1.117111e-09,1.1171,1.053078e-01,4.902398e-01,-0.667948,0
1.132683e-09,1.1327,1.082642e-01,4.982093e-01,-0.662927,0
1.148472e-09,1.1485,1.113035e-01,5.063085e-01,-0.657906,0
1.164481e-09,1.1645,1.144281e-01,5.145393e-01,-0.652886,0
1.180713e-09,1.1807,1.176405e-01,5.229038e-01,-0.647865,0
1.197171e-09,1.1972,1.209431e-01,5.314044e-01,-0.642844,0
1.213859e-09,1.2139,1.243383e-01,5.400432e-01,-0.637824,0
1.230780e-09,1.2308,1.278289e-01,5.488224e-01,-0.632803,0
1.247936e-09,1.2479,1.314175e-01,5.577443e-01,-0.627782,0
1.265332e-09,1.2653,1.351068e-01,5.668112e-01,-0.622761,0
1.282970e-09,1.2830,1.388997e-01,5.760256e-01,-0.617741,0
1.300854e-09,1.3009,1.427990e-01,5.853897e-01,-0.612720,0
1.318987e-09,1.3190,1.468078e-01,5.949061e-01,-0.607699,0
1.337373e-09,1.3374,1.509292e-01,6.045772e-01,-0.602678,0
1.356015e-09,1.3560,1.551663e-01,6.144055e-01,-0.597658,0
1.374917e-09,1.3749,1.595223e-01,6.243936e-01,-0.592637,0
1.394083e-09,1.3941,1.640006e-01,6.345440e-01,-0.587616,0
1.413516e-09,1.4135,1.686046e-01,6.448594e-01,-0.582596,0
1.433219e-09,1.4332,1.733379e-01,6.553426e-01,-0.577575,0
1.453198e-09,1.4532,1.782041e-01,6.659961e-01,-0.572554,0
1.473454e-09,1.4735,1.832068e-01,6.768229e-01,-0.567533,0
1.493993e-09,1.4940,1.883500e-01,6.878256e-01,-0.562513,0
1.514819e-09,1.5148,1.936376e-01,6.990073e-01,-0.557492,0
1.535935e-09,1.5359,1.990737e-01,7.103706e-01,-0.552471,0
1.557345e-09,1.5573,2.046623e-01,7.219188e-01,-0.547450,0
1.579053e-09,1.5791,2.104078e-01,7.336546e-01,-0.542430,0
1.601064e-09,1.6011,2.163147e-01,7.455813e-01,-0.537409,0
1.623382e-09,1.6234,2.223873e-01,7.577018e-01,-0.532388,0
1.646012e-09,1.6460,2.286304e-01,7.700193e-01,-0.527368,0
1.668956e-09,1.6690,2.350488e-01,7.825371e-01,-0.522347,0
1.692220e-09,1.6922,2.416474e-01,7.952584e-01,-0.517326,0
1.715809e-09,1.7158,2.484312e-01,8.081865e-01,-0.512305,0
1.739726e-09,1.7397,2.554055e-01,8.213248e-01,-0.507285,0
1.763977e-09,1.7640,2.625755e-01,8.346766e-01,-0.502264,0
1.788566e-09,1.7886,2.699469e-01,8.482455e-01,-0.497243,0
1.813498e-09,1.8135,2.775252e-01,8.620350e-01,-0.492223,0
1.838777e-09,1.8388,2.853162e-01,8.760487e-01,-0.487202,0
1.864409e-09,1.8644,2.933259e-01,8.902901e-01,-0.482181,0
1.890397e-09,1.8904,3.015605e-01,9.047631e-01,-0.477160,0
1.916748e-09,1.9167,3.100263e-01,9.194714e-01,-0.472140,0
1.943467e-09,1.9435,3.187298e-01,9.344187e-01,-0.467119,0
1.970558e-09,1.9706,3.276775e-01,9.496091e-01,-0.462098,0
1.998026e-09,1.9980,3.368765e-01,9.650464e-01,-0.457077,0
2.025878e-09,2.0259,3.463337e-01,9.807346e-01,-0.452057,0
2.054117e-09,2.0541,3.560564e-01,9.966779e-01,-0.447036,0
2.082751e-09,2.0828,3.660521e-01,1.012880e+00,-0.442015,0
2.111783e-09,2.1118,3.763283e-01,1.029346e+00,-0.436995,0
2.141220e-09,2.1412,3.868931e-01,1.046080e+00,-0.431974,0
2.171068e-09,2.1711,3.977544e-01,1.063085e+00,-0.426953,0
2.201331e-09,2.2013,4.089206e-01,1.080367e+00,-0.421932,0
2.232016e-09,2.2320,4.204004e-01,1.097930e+00,-0.416912,0
2.263130e-09,2.2631,4.322024e-01,1.115779e+00,-0.411891,0
2.294676e-09,2.2947,4.443357e-01,1.133917e+00,-0.406870,0
2.326663e-09,2.3267,4.568096e-01,1.152351e+00,-0.401850,0
2.359095e-09,2.3591,4.696337e-01,1.171084e+00,-0.396829,0
2.391980e-09,2.3920,4.828179e-01,1.190122e+00,-0.391808,0
2.425323e-09,2.4253,4.963721e-01,1.209469e+00,-0.386787,0
2.459130e-09,2.4591,5.103069e-01,1.229131e+00,-0.381767,0
2.493409e-09,2.4934,5.246328e-01,1.249112e+00,-0.376746,0
2.528166e-09,2.5282,5.393610e-01,1.269418e+00,-0.371725,0
2.563407e-09,2.5634,5.545026e-01,1.290054e+00,-0.366704,0
2.599140e-09,2.5991,5.700693e-01,1.311026e+00,-0.361684,0
2.635371e-09,2.6354,5.860729e-01,1.332339e+00,-0.356663,0
2.672106e-09,2.6721,6.025259e-01,1.353998e+00,-0.351642,0
2.709354e-09,2.7094,6.194407e-01,1.376009e+00,-0.346622,0
2.747121e-09,2.7471,6.368304e-01,1.398378e+00,-0.341601,0
2.785414e-09,2.7854,6.547083e-01,1.421111e+00,-0.336580,0
2.824241e-09,2.8242,6.730881e-01,1.444213e+00,-0.331559,0
2.863610e-09,2.8636,6.919838e-01,1.467691e+00,-0.326539,0
2.903527e-09,2.9035,7.114101e-01,1.491550e+00,-0.321518,0
2.944000e-09,2.9440,7.313816e-01,1.515798e+00,-0.316497,0
2.985038e-09,2.9850,7.519139e-01,1.540439e+00,-0.311476,0
3.026648e-09,3.0266,7.730225e-01,1.565481e+00,-0.306456,0
3.068838e-09,3.0688,7.947238e-01,1.590931e+00,-0.301435,0
3.111616e-09,3.1116,8.170342e-01,1.616794e+00,-0.296414,0
3.154990e-09,3.1550,8.399710e-01,1.643077e+00,-0.291394,0
3.198969e-09,3.1990,8.635517e-01,1.669788e+00,-0.286373,0
3.243561e-09,3.2436,8.877944e-01,1.696932e+00,-0.281352,0
3.288774e-09,3.2888,9.127176e-01,1.724519e+00,-0.276331,0
3.334618e-09,3.3346,9.383405e-01,1.752553e+00,-0.271311,0
3.381101e-09,3.3811,9.646828e-01,1.781043e+00,-0.266290,0
3.428231e-09,3.4282,9.917645e-01,1.809997e+00,-0.261269,0
3.476019e-09,3.4760,1.019607e+00,1.839421e+00,-0.256249,0
3.524473e-09,3.5245,1.048230e+00,1.869324e+00,-0.251228,0
3.573602e-09,3.5736,1.077657e+00,1.899712e+00,-0.246207,0
3.623416e-09,3.6234,1.107911e+00,1.930595e+00,-0.241186,0
3.673925e-09,3.6739,1.139013e+00,1.961980e+00,-0.236166,0
3.725137e-09,3.7251,1.170989e+00,1.993874e+00,-0.231145,0
3.777064e-09,3.7771,1.203863e+00,2.026288e+00,-0.226124,0
3.829714e-09,3.8297,1.237659e+00,2.059228e+00,-0.221103,0
3.883098e-09,3.8831,1.272404e+00,2.092704e+00,-0.216083,0
3.937226e-09,3.9372,1.308124e+00,2.126724e+00,-0.211062,0
3.992109e-09,3.9921,1.344848e+00,2.161297e+00,-0.206041,0
4.047757e-09,4.0478,1.382602e+00,2.196432e+00,-0.201021,0
4.104181e-09,4.1042,1.421416e+00,2.232138e+00,-0.196000,0
4.161391e-09,4.1614,1.461320e+00,2.268425e+00,-0.190979,0
4.219398e-09,4.2194,1.502344e+00,2.305301e+00,-0.185958,0
4.278214e-09,4.2782,1.544519e+00,2.342777e+00,-0.180938,0
4.337850e-09,4.3379,1.587879e+00,2.380863e+00,-0.175917,0
4.398317e-09,4.3983,1.632456e+00,2.419567e+00,-0.170896,0
4.459628e-09,4.4596,1.678284e+00,2.458901e+00,-0.165876,0
4.521792e-09,4.5218,1.725399e+00,2.498874e+00,-0.160855,0
4.584824e-09,4.5848,1.773837e+00,2.539497e+00,-0.155834,0
4.648734e-09,4.6487,1.823634e+00,2.580780e+00,-0.150813,0
4.713535e-09,4.7135,1.874829e+00,2.622734e+00,-0.145793,0
4.779239e-09,4.7792,1.927462e+00,2.665371e+00,-0.140772,0
4.845859e-09,4.8459,1.981572e+00,2.708700e+00,-0.135751,0
4.913407e-09,4.9134,2.037201e+00,2.752734e+00,-0.130730,0
4.981898e-09,4.9819,2.094392e+00,2.797484e+00,-0.125710,0
5.051342e-09,5.0513,2.153188e+00,2.842961e+00,-0.120689,0
5.121755e-09,5.1218,2.213635e+00,2.889178e+00,-0.115668,0
5.193150e-09,5.1931,2.275779e+00,2.936146e+00,-0.110648,0
5.265540e-09,5.2655,2.339667e+00,2.983877e+00,-0.105627,0
5.338938e-09,5.3389,2.405349e+00,3.032384e+00,-0.100606,0
5.413360e-09,5.4134,2.472875e+00,3.081680e+00,-0.095585,0
5.488820e-09,5.4888,2.542297e+00,3.131777e+00,-0.090565,0
5.565331e-09,5.5653,2.613667e+00,3.182689e+00,-0.085544,0
5.642908e-09,5.6429,2.687041e+00,3.234428e+00,-0.080523,0
5.721568e-09,5.7216,2.762475e+00,3.287009e+00,-0.075502,0
5.801323e-09,5.8013,2.840027e+00,3.340444e+00,-0.070482,0
5.882190e-09,5.8822,2.919755e+00,3.394748e+00,-0.065461,0
5.964185e-09,5.9642,3.001722e+00,3.449934e+00,-0.060440,0
6.047322e-09,6.0473,3.085990e+00,3.506018e+00,-0.055420,0
6.131619e-09,6.1316,3.172624e+00,3.563014e+00,-0.050399,0
6.217090e-09,6.2171,3.261690e+00,3.620936e+00,-0.045378,0
6.303753e-09,6.3038,3.353256e+00,3.679799e+00,-0.040357,0
6.391624e-09,6.3916,3.447393e+00,3.739620e+00,-0.035337,0
6.480720e-09,6.4807,3.544172e+00,3.800413e+00,-0.030316,0
6.571058e-09,6.5711,3.643668e+00,3.862194e+00,-0.025295,0
6.662655e-09,6.6627,3.745958e+00,3.924980e+00,-0.020275,0
6.755528e-09,6.7555,3.851119e+00,3.988786e+00,-0.015254,0
6.849697e-09,6.8497,3.959232e+00,4.053630e+00,-0.010233,0
6.945178e-09,6.9452,4.070381e+00,4.119527e+00,-0.005212,0
7.041990e-09,7.0420,4.184649e+00,4.186496e+00,-0.000192,0
7.140151e-09,7.1402,4.302126e+00,4.254554e+00,0.004829,0
7.239681e-09,7.2397,4.422901e+00,4.323718e+00,0.009850,0
7.340598e-09,7.3406,4.547066e+00,4.394007e+00,0.014871,0
7.442922e-09,7.4429,4.674716e+00,4.465438e+00,0.019891,0
7.546673e-09,7.5467,4.805951e+00,4.538030e+00,0.024912,0
7.651869e-09,7.6519,4.940869e+00,4.611802e+00,0.029933,0
7.758532e-09,7.7585,5.079575e+00,4.686774e+00,0.034953,0
7.866682e-09,7.8667,5.222176e+00,4.762964e+00,0.039974,0
7.976339e-09,7.9763,5.368779e+00,4.840393e+00,0.044995,0
8.087525e-09,8.0875,5.519498e+00,4.919081e+00,0.050016,0
8.200261e-09,8.2003,5.674448e+00,4.999048e+00,0.055036,0
8.314568e-09,8.3146,5.833748e+00,5.080315e+00,0.060057,0
8.430468e-09,8.4305,5.997520e+00,5.162903e+00,0.065078,0
8.547985e-09,8.5480,6.165890e+00,5.246833e+00,0.070098,0
8.667139e-09,8.6671,6.338986e+00,5.332128e+00,0.075119,0
8.787954e-09,8.7880,6.516942e+00,5.418810e+00,0.080140,0
8.910453e-09,8.9105,6.699893e+00,5.506901e+00,0.085161,0
9.034660e-09,9.0347,6.887981e+00,5.596424e+00,0.090181,0
9.160598e-09,9.1606,7.081349e+00,5.687402e+00,0.095202,0
9.288292e-09,9.2883,7.280145e+00,5.779859e+00,0.100223,0
9.417766e-09,9.4178,7.484522e+00,5.873819e+00,0.105244,0
9.549045e-09,9.5490,7.694637e+00,5.969306e+00,0.110264,0
9.682153e-09,9.6822,7.910650e+00,6.066346e+00,0.115285,0
9.817117e-09,9.8171,8.132728e+00,6.164964e+00,0.120306,0
9.953962e-09,9.9540,8.361040e+00,6.265184e+00,0.125326,0
1.009272e-08,10.0927,8.595761e+00,6.367034e+00,0.130347,0
1.023340e-08,10.2334,8.837072e+00,6.470540e+00,0.135368,0
1.037605e-08,10.3761,9.085157e+00,6.575728e+00,0.140389,0
1.052069e-08,10.5207,9.340206e+00,6.682626e+00,0.145409,0
1.066734e-08,10.6673,9.602416e+00,6.791262e+00,0.150430,0
1.081604e-08,10.8160,9.871987e+00,6.901664e+00,0.155451,0
1.096681e-08,10.9668,1.014913e+01,7.013860e+00,0.160472,0
1.111968e-08,11.1197,1.043404e+01,7.127881e+00,0.165492,0
1.127468e-08,11.2747,1.072696e+01,7.243755e+00,0.170513,0
1.143184e-08,11.4318,1.102810e+01,7.361513e+00,0.175534,0
1.159120e-08,11.5912,1.133770e+01,7.481185e+00,0.180554,0
1.175277e-08,11.7528,1.165598e+01,7.602803e+00,0.185575,0
1.191660e-08,11.9166,1.198320e+01,7.726398e+00,0.190596,0
1.208271e-08,12.0827,1.231961e+01,7.852002e+00,0.195617,0
1.225114e-08,12.2511,1.266546e+01,7.979648e+00,0.200637,0
1.242191e-08,12.4219,1.302102e+01,8.109369e+00,0.205658,0
1.259506e-08,12.5951,1.338656e+01,8.241198e+00,0.210679,0
1.277063e-08,12.7706,1.376237e+01,8.375171e+00,0.215699,0
1.294865e-08,12.9486,1.414872e+01,8.511322e+00,0.220720,0
1.312915e-08,13.1291,1.454592e+01,8.649686e+00,0.225741,0
1.331216e-08,13.3122,1.495427e+01,8.790299e+00,0.230762,0
1.349772e-08,13.4977,1.537409e+01,8.933199e+00,0.235782,0
1.368587e-08,13.6859,1.580569e+01,9.078421e+00,0.240803,0
1.387665e-08,13.8766,1.624940e+01,9.226004e+00,0.245824,0
1.407008e-08,14.0701,1.670558e+01,9.375986e+00,0.250845,0
1.426621e-08,14.2662,1.717456e+01,9.528407e+00,0.255865,0
1.446507e-08,14.4651,1.765670e+01,9.683305e+00,0.260886,0
1.466671e-08,14.6667,1.815238e+01,9.840721e+00,0.265907,0
1.487115e-08,14.8712,1.866198e+01,1.000070e+01,0.270927,0
1.507845e-08,15.0785,1.918588e+01,1.016327e+01,0.275948,0
1.528864e-08,15.2886,1.972449e+01,1.032849e+01,0.280969,0
1.550175e-08,15.5018,2.027822e+01,1.049640e+01,0.285990,0
1.571784e-08,15.7178,2.084749e+01,1.066703e+01,0.291010,0
1.593694e-08,15.9369,2.143275e+01,1.084044e+01,0.296031,0
1.615909e-08,16.1591,2.203444e+01,1.101667e+01,0.301052,0
1.638434e-08,16.3843,2.265302e+01,1.119576e+01,0.306072,0
1.661273e-08,16.6127,2.328896e+01,1.137776e+01,0.311093,0
1.684430e-08,16.8443,2.394275e+01,1.156272e+01,0.316114,0
1.707910e-08,17.0791,2.461490e+01,1.175069e+01,0.321135,0
1.731717e-08,17.3172,2.530592e+01,1.194172e+01,0.326155,0
1.755856e-08,17.5586,2.601634e+01,1.213585e+01,0.331176,0
1.780332e-08,17.8033,2.674671e+01,1.233314e+01,0.336197,0
1.805149e-08,18.0515,2.749757e+01,1.253363e+01,0.341218,0
1.830312e-08,18.3031,2.826952e+01,1.273738e+01,0.346238,0
1.855825e-08,18.5583,2.906313e+01,1.294445e+01,0.351259,0
1.881694e-08,18.8169,2.987903e+01,1.315488e+01,0.356280,0
1.907924e-08,19.0792,3.071783e+01,1.336873e+01,0.361300,0
1.934520e-08,19.3452,3.158018e+01,1.358606e+01,0.366321,0
1.961486e-08,19.6149,3.246674e+01,1.380692e+01,0.371342,0
1.988828e-08,19.8883,3.337818e+01,1.403137e+01,0.376363,0
2.016551e-08,20.1655,3.431522e+01,1.425947e+01,0.381383,0
2.044661e-08,20.4466,3.527855e+01,1.449128e+01,0.386404,0
2.073162e-08,20.7316,3.626894e+01,1.472686e+01,0.391425,0
2.102061e-08,21.0206,3.728712e+01,1.496626e+01,0.396445,0
2.131362e-08,21.3136,3.833389e+01,1.520956e+01,0.401466,0
2.161073e-08,21.6107,3.941005e+01,1.545682e+01,0.406487,0
2.191197e-08,21.9120,4.051642e+01,1.570809e+01,0.411508,0
2.221741e-08,22.2174,4.165384e+01,1.596345e+01,0.416528,0
2.252711e-08,22.5271,4.282320e+01,1.622296e+01,0.421549,0
2.284112e-08,22.8411,4.402539e+01,1.648668e+01,0.426570,0
2.315951e-08,23.1595,4.526132e+01,1.675470e+01,0.431591,0
2.348235e-08,23.4823,4.653195e+01,1.702707e+01,0.436611,0
2.380968e-08,23.8097,4.783825e+01,1.730387e+01,0.441632,0
2.414157e-08,24.1416,4.918123e+01,1.758517e+01,0.446653,0
2.447809e-08,24.4781,5.056190e+01,1.787105e+01,0.451673,0
2.481930e-08,24.8193,5.198134e+01,1.816157e+01,0.456694,0
2.516527e-08,25.1653,5.344062e+01,1.845681e+01,0.461715,0
2.551606e-08,25.5161,5.494087e+01,1.875685e+01,0.466736,0
2.587174e-08,25.8717,5.648324e+01,1.906177e+01,0.471756,0
2.623238e-08,26.2324,5.806891e+01,1.937165e+01,0.476777,0
2.659804e-08,26.5980,5.969909e+01,1.968656e+01,0.481798,0
2.696881e-08,26.9688,6.137503e+01,2.000660e+01,0.486819,0
2.734474e-08,27.3447,6.309803e+01,2.033183e+01,0.491839,0
2.772591e-08,27.7259,6.486939e+01,2.066236e+01,0.496860,0
2.811239e-08,28.1124,6.669049e+01,2.099825e+01,0.501881,0
2.850426e-08,28.5043,6.856270e+01,2.133961e+01,0.506901,0
2.890160e-08,28.9016,7.048748e+01,2.168652e+01,0.511922,0
2.930447e-08,29.3045,7.246629e+01,2.203907e+01,0.516943,0
2.971296e-08,29.7130,7.450065e+01,2.239734e+01,0.521964,0
3.012714e-08,30.1271,7.659213e+01,2.276144e+01,0.526984,0
3.054710e-08,30.5471,7.874232e+01,2.313147e+01,0.532005,0
3.097291e-08,30.9729,8.095287e+01,2.350750e+01,0.537026,0
3.140465e-08,31.4047,8.322547e+01,2.388965e+01,0.542046,0
3.184242e-08,31.8424,8.556188e+01,2.427801e+01,0.547067,0
3.228628e-08,32.2863,8.796388e+01,2.467269e+01,0.552088,0
3.273634e-08,32.7363,9.043331e+01,2.507378e+01,0.557109,0
3.319266e-08,33.1927,9.297206e+01,2.548139e+01,0.562129,0
3.365535e-08,33.6553,9.558209e+01,2.589563e+01,0.567150,0
3.412449e-08,34.1245,9.826539e+01,2.631660e+01,0.572171,0
3.460016e-08,34.6002,1.010240e+02,2.674441e+01,0.577192,0
3.508247e-08,35.0825,1.038601e+02,2.717918e+01,0.582212,0
3.557150e-08,35.5715,1.067758e+02,2.762102e+01,0.587233,0
3.606735e-08,36.0673,1.097733e+02,2.807004e+01,0.592254,0
3.657011e-08,36.5701,1.128550e+02,2.852636e+01,0.597274,0
3.707988e-08,37.0799,1.160232e+02,2.899010e+01,0.602295,0
3.759675e-08,37.5967,1.192803e+02,2.946138e+01,0.607316,0
3.812083e-08,38.1208,1.226289e+02,2.994031e+01,0.612337,0
3.865221e-08,38.6522,1.260715e+02,3.042704e+01,0.617357,0
3.919100e-08,39.1910,1.296108e+02,3.092167e+01,0.622378,0
3.973730e-08,39.7373,1.332493e+02,3.142435e+01,0.627399,0
4.029122e-08,40.2912,1.369901e+02,3.193520e+01,0.632419,0
4.085286e-08,40.8529,1.408358e+02,3.245435e+01,0.637440,0
4.142232e-08,41.4223,1.447896e+02,3.298195e+01,0.642461,0
4.199973e-08,41.9997,1.488543e+02,3.351812e+01,0.647482,0
4.258518e-08,42.5852,1.530331e+02,3.406300e+01,0.652502,0
4.317880e-08,43.1788,1.573292e+02,3.461675e+01,0.657523,0
4.378069e-08,43.7807,1.617460e+02,3.517949e+01,0.662544,0
4.439097e-08,44.3910,1.662867e+02,3.575139e+01,0.667565,0
4.500975e-08,45.0098,1.709549e+02,3.633258e+01,0.672585,0
4.563716e-08,45.6372,1.757541e+02,3.692322e+01,0.677606,0
4.627332e-08,46.2733,1.806881e+02,3.752346e+01,0.682627,0
4.691835e-08,46.9183,1.857606e+02,3.813346e+01,0.687647,0
4.757236e-08,47.5724,1.909755e+02,3.875338e+01,0.692668,0
4.823549e-08,48.2355,1.963368e+02,3.938337e+01,0.697689,0
4.890787e-08,48.9079,2.018486e+02,4.002360e+01,0.702710,0
4.958962e-08,49.5896,2.075152e+02,4.067425e+01,0.707730,0
5.028087e-08,50.2809,2.133408e+02,4.133547e+01,0.712751,0
5.098176e-08,50.9818,2.193300e+02,4.200744e+01,0.717772,0
5.169242e-08,51.6924,2.254873e+02,4.269033e+01,0.722793,0
5.241298e-08,52.4130,2.318174e+02,4.338432e+01,0.727813,0
5.314359e-08,53.1436,2.383253e+02,4.408960e+01,0.732834,0
5.388438e-08,53.8844,2.450158e+02,4.480634e+01,0.737855,0
5.463550e-08,54.6355,2.518942e+02,4.553473e+01,0.742875,0
5.539709e-08,55.3971,2.589657e+02,4.627497e+01,0.747896,0
5.616930e-08,56.1693,2.662357e+02,4.702723e+01,0.752917,0
5.695227e-08,56.9523,2.737098e+02,4.779173e+01,0.757938,0
5.774615e-08,57.7462,2.813937e+02,4.856866e+01,0.762958,0
5.855110e-08,58.5511,2.892933e+02,4.935821e+01,0.767979,0
5.936727e-08,59.3673,2.974147e+02,5.016060e+01,0.773000,0
6.019482e-08,60.1948,3.057641e+02,5.097604e+01,0.778020,0
6.103390e-08,61.0339,3.143479e+02,5.180473e+01,0.783041,0
6.188468e-08,61.8847,3.231727e+02,5.264689e+01,0.788062,0
6.274732e-08,62.7473,3.322452e+02,5.350274e+01,0.793083,0
6.362198e-08,63.6220,3.415724e+02,5.437251e+01,0.798103,0
6.450884e-08,64.5088,3.511614e+02,5.525641e+01,0.803124,0
6.540806e-08,65.4081,3.610196e+02,5.615469e+01,0.808145,0
6.631981e-08,66.3198,3.711546e+02,5.706756e+01,0.813166,0
6.724427e-08,67.2443,3.815741e+02,5.799528e+01,0.818186,0
6.818162e-08,68.1816,3.922861e+02,5.893808e+01,0.823207,0
6.913204e-08,69.1320,4.032989e+02,5.989621e+01,0.828228,0
7.009570e-08,70.0957,4.146208e+02,6.086991e+01,0.833248,0
7.107280e-08,71.0728,4.262605e+02,6.185944e+01,0.838269,0
7.206351e-08,72.0635,4.382270e+02,6.286505e+01,0.843290,0
7.306804e-08,73.0680,4.505295e+02,6.388702e+01,0.848311,0
7.408657e-08,74.0866,4.631773e+02,6.492559e+01,0.853331,0
7.511929e-08,75.1193,4.761802e+02,6.598106e+01,0.858352,0
7.616642e-08,76.1664,4.895481e+02,6.705367e+01,0.863373,0
7.722814e-08,77.2281,5.032913e+02,6.814373e+01,0.868393,0
7.830465e-08,78.3047,5.174203e+02,6.925151e+01,0.873414,0
7.939618e-08,79.3962,5.319459e+02,7.037729e+01,0.878435,0
8.050292e-08,80.5029,5.468794e+02,7.152138e+01,0.883456,0
8.162509e-08,81.6251,5.622320e+02,7.268406e+01,0.888476,0
8.276289e-08,82.7629,5.780157e+02,7.386565e+01,0.893497,0
8.391656e-08,83.9166,5.942425e+02,7.506645e+01,0.898518,0
8.508632e-08,85.0863,6.109248e+02,7.628676e+01,0.903539,0
8.627237e-08,86.2724,6.280754e+02,7.752692e+01,0.908559,0
8.747496e-08,87.4750,6.457075e+02,7.878723e+01,0.913580,0
8.869432e-08,88.6943,6.638346e+02,8.006803e+01,0.918601,0
8.993067e-08,89.9307,6.824706e+02,8.136966e+01,0.923621,0
9.118425e-08,91.1843,6.940803e+02,8.269244e+01,0.923944,1
9.245531e-08,92.4553,6.845382e+02,8.403673e+01,0.910929,0
9.374409e-08,93.7441,6.751273e+02,8.540287e+01,0.897913,0
9.505083e-08,95.0508,6.658458e+02,8.679122e+01,0.884898,0
9.637579e-08,96.3758,6.566919e+02,8.820214e+01,0.871883,0
9.771921e-08,97.7192,6.476638e+02,8.963599e+01,0.858867,0
9.908137e-08,99.0814,6.387598e+02,9.109316e+01,0.845852,0
1.004625e-07,100.4625,6.299782e+02,9.257401e+01,0.832836,0
1.018629e-07,101.8629,6.213174e+02,9.407894e+01,0.819821,0
1.032828e-07,103.2828,6.127757e+02,9.560833e+01,0.806806,0
1.047225e-07,104.7225,6.043513e+02,9.716258e+01,0.793790,0
1.061823e-07,106.1823,5.960428e+02,9.874210e+01,0.780775,0
1.076624e-07,107.6624,5.878485e+02,1.003473e+02,0.767760,0
1.091632e-07,109.1632,5.797669e+02,1.019786e+02,0.754744,0
1.106848e-07,110.6848,5.717964e+02,1.036364e+02,0.741729,0
1.122277e-07,112.2277,5.639354e+02,1.053212e+02,0.728714,0
1.137921e-07,113.7921,5.561825e+02,1.070333e+02,0.715698,0
1.153783e-07,115.3783,5.485362e+02,1.087733e+02,0.702683,0
1.169866e-07,116.9866,5.409950e+02,1.105416e+02,0.689668,0
1.186174e-07,118.6174,5.335575e+02,1.123386e+02,0.676652,0
1.202708e-07,120.2708,5.262223e+02,1.141648e+02,0.663637,0
1.219473e-07,121.9473,5.189879e+02,1.160207e+02,0.650622,0
1.236472e-07,123.6472,5.118529e+02,1.179068e+02,0.637606,0
1.253708e-07,125.3708,5.048161e+02,1.198236e+02,0.624591,0
1.271184e-07,127.1184,4.978759e+02,1.217715e+02,0.611576,0
1.288904e-07,128.8904,4.910312e+02,1.237511e+02,0.598560,0
1.306870e-07,130.6870,4.842806e+02,1.257628e+02,0.585545,0
1.325087e-07,132.5087,4.776228e+02,1.278073e+02,0.572530,0
1.343558e-07,134.3558,4.710566e+02,1.298850e+02,0.559514,0
1.362287e-07,136.2287,4.645806e+02,1.319964e+02,0.546499,0
1.381276e-07,138.1276,4.581936e+02,1.341422e+02,0.533483,0
1.400531e-07,140.0531,4.518944e+02,1.363229e+02,0.520468,0
1.420053e-07,142.0053,4.456819e+02,1.385390e+02,0.507453,0
1.439848e-07,143.9848,4.395547e+02,1.407912e+02,0.494437,0
1.459919e-07,145.9919,4.335118e+02,1.430800e+02,0.481422,0
1.480269e-07,148.0269,4.275519e+02,1.454059e+02,0.468407,0
1.500903e-07,150.0903,4.216740e+02,1.477697e+02,0.455391,0
1.521825e-07,152.1825,4.158769e+02,1.501720e+02,0.442376,0
1.543038e-07,154.3038,4.101595e+02,1.526132e+02,0.429361,0
1.564548e-07,156.4548,4.045207e+02,1.550942e+02,0.416345,0
1.586357e-07,158.6357,3.989595e+02,1.576155e+02,0.403330,0
1.608469e-07,160.8469,3.934746e+02,1.601777e+02,0.390315,0
1.630891e-07,163.0891,3.880652e+02,1.627816e+02,0.377299,0
1.653624e-07,165.3624,3.827302e+02,1.654279e+02,0.364284,0
1.676675e-07,167.6675,3.774685e+02,1.681172e+02,0.351269,0
1.700047e-07,170.0047,3.722791e+02,1.708502e+02,0.338253,0
1.723745e-07,172.3745,3.671611e+02,1.736276e+02,0.325238,0
1.747773e-07,174.7773,3.621134e+02,1.764502e+02,0.312223,0
1.772136e-07,177.2136,3.571351e+02,1.793186e+02,0.299207,0
1.796838e-07,179.6838,3.522253e+02,1.822337e+02,0.286192,0
1.821885e-07,182.1885,3.473830e+02,1.851962e+02,0.273176,0
1.847281e-07,184.7281,3.426072e+02,1.882068e+02,0.260161,0
1.873032e-07,187.3032,3.378971e+02,1.912664e+02,0.247146,0
1.899141e-07,189.9141,3.332518e+02,1.943757e+02,0.234130,0
1.925614e-07,192.5614,3.286703e+02,1.975356e+02,0.221115,0
1.952456e-07,195.2456,3.241518e+02,2.007468e+02,0.208100,0
1.979672e-07,197.9672,3.196954e+02,2.040103e+02,0.195084,0
2.007267e-07,200.7267,3.153003e+02,2.073267e+02,0.182069,0
2.035248e-07,203.5248,3.109656e+02,2.106971e+02,0.169054,0
2.063618e-07,206.3618,3.066905e+02,2.141223e+02,0.156038,0
2.092383e-07,209.2383,3.024742e+02,2.176032e+02,0.143023,0
2.121550e-07,212.1550,2.983158e+02,2.211407e+02,0.130008,0
2.151123e-07,215.1123,2.942146e+02,2.247356e+02,0.116992,0
2.181109e-07,218.1109,2.901698e+02,2.283890e+02,0.103977,0
2.211512e-07,221.1512,2.861806e+02,2.321018e+02,0.090962,0
2.242340e-07,224.2340,2.822462e+02,2.358750e+02,0.077946,0
2.273597e-07,227.3597,2.783660e+02,2.397095e+02,0.064931,0
2.305289e-07,230.5289,2.745390e+02,2.436063e+02,0.051916,0
2.337424e-07,233.7424,2.707647e+02,2.475665e+02,0.038900,0
2.370006e-07,237.0006,2.670423e+02,2.515911e+02,0.025885,0
2.403043e-07,240.3043,2.633711e+02,2.556810e+02,0.012870,0
2.436540e-07,243.6540,2.597503e+02,2.598375e+02,-0.000146,0
2.470504e-07,247.0504,2.561793e+02,2.640616e+02,-0.013161,0
2.504942e-07,250.4942,2.526574e+02,2.683543e+02,-0.026177,0
2.539859e-07,253.9859,2.491839e+02,2.727168e+02,-0.039192,0
2.575263e-07,257.5263,2.457581e+02,2.771502e+02,-0.052207,0
2.611161e-07,261.1161,2.423795e+02,2.816557e+02,-0.065223,0
2.647559e-07,264.7559,2.390473e+02,2.862344e+02,-0.078238,0
2.684465e-07,268.4465,2.357609e+02,2.908876e+02,-0.091253,0
2.721885e-07,272.1885,2.325197e+02,2.956164e+02,-0.104269,0
2.759826e-07,275.9826,2.293231e+02,3.004220e+02,-0.117284,0
2.798297e-07,279.8297,2.261704e+02,3.053058e+02,-0.130299,0
2.837304e-07,283.7304,2.230611e+02,3.102690e+02,-0.143315,0
2.876854e-07,287.6854,2.199945e+02,3.153129e+02,-0.156330,0
2.916956e-07,291.6956,2.169700e+02,3.204388e+02,-0.169345,0
2.957617e-07,295.7617,2.139871e+02,3.256480e+02,-0.182361,0
2.998844e-07,299.8844,2.110453e+02,3.309419e+02,-0.195376,0
3.040646e-07,304.0646,2.081439e+02,3.363218e+02,-0.208391,0
3.083031e-07,308.3031,2.052823e+02,3.417892e+02,-0.221407,0
3.126007e-07,312.6007,2.024602e+02,3.473455e+02,-0.234422,0
3.169582e-07,316.9582,1.996768e+02,3.529921e+02,-0.247437,0
3.213764e-07,321.3764,1.969317e+02,3.587305e+02,-0.260453,0
3.258562e-07,325.8562,1.942243e+02,3.645622e+02,-0.273468,0
3.303985e-07,330.3985,1.915541e+02,3.704887e+02,-0.286484,0
3.350041e-07,335.0041,1.889207e+02,3.765116e+02,-0.299499,0
3.396739e-07,339.6739,1.863234e+02,3.826323e+02,-0.312514,0
3.444087e-07,344.4087,1.837619e+02,3.888526e+02,-0.325530,0
3.492096e-07,349.2096,1.812356e+02,3.951739e+02,-0.338545,0
3.540774e-07,354.0774,1.787440e+02,4.015981e+02,-0.351560,0
3.590130e-07,359.0130,1.762866e+02,4.081267e+02,-0.364576,0
3.640175e-07,364.0175,1.738631e+02,4.147614e+02,-0.377591,0
3.690917e-07,369.0917,1.714728e+02,4.215039e+02,-0.390606,0
3.742366e-07,374.2366,1.691154e+02,4.283561e+02,-0.403622,0
3.794533e-07,379.4533,1.667905e+02,4.353196e+02,-0.416637,0
3.847427e-07,384.7427,1.644975e+02,4.423964e+02,-0.429652,0
3.901058e-07,390.1058,1.622360e+02,4.495882e+02,-0.442668,0
3.955436e-07,395.5436,1.600056e+02,4.568969e+02,-0.455683,0
4.010573e-07,401.0573,1.578059e+02,4.643245e+02,-0.468698,0
4.066478e-07,406.6478,1.556364e+02,4.718727e+02,-0.481714,0
4.123163e-07,412.3163,1.534967e+02,4.795437e+02,-0.494729,0
4.180637e-07,418.0637,1.513865e+02,4.873394e+02,-0.507744,0
4.238913e-07,423.8913,1.493052e+02,4.952618e+02,-0.520760,0
4.298001e-07,429.8001,1.472526e+02,5.033130e+02,-0.533775,0
4.357913e-07,435.7913,1.452282e+02,5.114951e+02,-0.546790,0
4.418660e-07,441.8660,1.432316e+02,5.198102e+02,-0.559806,0
4.480254e-07,448.0254,1.412625e+02,5.282605e+02,-0.572821,0
4.542706e-07,454.2706,1.393205e+02,5.368482e+02,-0.585837,0
4.606029e-07,460.6029,1.374051e+02,5.455754e+02,-0.598852,0
4.670234e-07,467.0234,1.355161e+02,5.544446e+02,-0.611867,0
4.735335e-07,473.5335,1.336530e+02,5.634579e+02,-0.624883,0
4.801343e-07,480.1343,1.318156e+02,5.726177e+02,-0.637898,0
4.868271e-07,486.8271,1.300034e+02,5.819265e+02,-0.650913,0
4.936132e-07,493.6132,1.282162e+02,5.913865e+02,-0.663929,0
5.004939e-07,500.4939,1.264535e+02,6.010004e+02,-0.676944,0
5.074705e-07,507.4705,1.247150e+02,6.107705e+02,-0.689959,0
5.145444e-07,514.5444,1.230005e+02,6.206995e+02,-0.702975,0
5.217169e-07,521.7169,1.213095e+02,6.307899e+02,-0.715990,0
5.289893e-07,528.9893,1.196417e+02,6.410443e+02,-0.729005,0
5.363631e-07,536.3631,1.179969e+02,6.514654e+02,-0.742021,0
5.438397e-07,543.8397,1.163747e+02,6.620560e+02,-0.755036,0
5.514206e-07,551.4206,1.147748e+02,6.728187e+02,-0.768051,0
5.591071e-07,559.1071,1.131969e+02,6.837563e+02,-0.781067,0
5.669007e-07,566.9007,1.116407e+02,6.948718e+02,-0.794082,0
5.748030e-07,574.8030,1.101059e+02,7.061679e+02,-0.807097,0
5.828155e-07,582.8155,1.085922e+02,7.176477e+02,-0.820113,0
5.909396e-07,590.9396,1.070993e+02,7.293142e+02,-0.833128,0
5.991770e-07,599.1770,1.056269e+02,7.411702e+02,-0.846144,0
6.075292e-07,607.5292,1.041747e+02,7.532190e+02,-0.859159,0
6.159978e-07,615.9978,1.027426e+02,7.654637e+02,-0.872174,0
6.245845e-07,624.5845,1.013301e+02,7.779075e+02,-0.885190,0
6.332908e-07,633.2908,9.993701e+01,7.905535e+02,-0.898205,0
6.421186e-07,642.1186,9.856309e+01,8.034051e+02,-0.911220,0
6.510694e-07,651.0694,9.720807e+01,8.164657e+02,-0.924236,0
6.601449e-07,660.1449,9.587167e+01,8.297385e+02,-0.937251,0
6.693470e-07,669.3470,9.455364e+01,8.432271e+02,-0.950266,0
6.786773e-07,678.6773,9.325374e+01,8.569350e+02,-0.963282,0
6.881377e-07,688.1377,9.197170e+01,8.708658e+02,-0.976297,0
6.977300e-07,697.7300,9.070729e+01,8.850230e+02,-0.989312,0
7.074559e-07,707.4559,8.946026e+01,8.994103e+02,-1.002328,0
7.173175e-07,717.3175,8.823038e+01,9.140316e+02,-1.015343,0
7.273165e-07,727.3165,8.701740e+01,9.288905e+02,-1.028358,0
7.374549e-07,737.4549,8.582110e+01,9.439910e+02,-1.041374,0
7.477346e-07,747.7346,8.464125e+01,9.593369e+02,-1.054389,0
7.581576e-07,758.1576,8.347762e+01,9.749324e+02,-1.067404,0
7.687260e-07,768.7260,8.232998e+01,9.907813e+02,-1.080420,0
7.794416e-07,779.4416,8.119812e+01,1.006888e+03,-1.093435,0
7.903066e-07,790.3066,8.008183e+01,1.023256e+03,-1.106450,0
8.013230e-07,801.3230,7.898088e+01,1.039891e+03,-1.119466,0
8.124930e-07,812.4930,7.789506e+01,1.056796e+03,-1.132481,0
8.238187e-07,823.8187,7.682417e+01,1.073976e+03,-1.145497,0
8.353023e-07,835.3023,7.576801e+01,1.091435e+03,-1.158512,0
8.469460e-07,846.9460,7.472636e+01,1.109178e+03,-1.171527,0
8.587519e-07,858.7519,7.369904e+01,1.127209e+03,-1.184543,0
8.707225e-07,870.7225,7.268584e+01,1.145533e+03,-1.197558,0
8.828599e-07,882.8599,7.168657e+01,1.164156e+03,-1.210573,0
8.951665e-07,895.1665,7.070103e+01,1.183081e+03,-1.223589,0
9.076446e-07,907.6446,6.972905e+01,1.202313e+03,-1.236604,0
9.202967e-07,920.2967,6.877042e+01,1.221859e+03,-1.249619,0
9.331251e-07,933.1251,6.782498e+01,1.241722e+03,-1.262635,0
9.461324e-07,946.1324,6.689254e+01,1.261908e+03,-1.275650,0
9.593209e-07,959.3209,6.597291e+01,1.282422e+03,-1.288665,0
9.726934e-07,972.6934,6.506593e+01,1.303270e+03,-1.301681,0
9.862522e-07,986.2522,6.417141e+01,1.324456e+03,-1.314696,0
1.000000e-06,1000.0000,6.328919e+01,1.345987e+03,-1.327711,0
